trade_id,trade_candidate_id,symbol,strategy,direction,open_time,close_time,volume,open_price,close_price,net_pnl,commission,swap
trend-ea-v1-EURUSD_HIST-1504846800:2,trend-ea-v1-EURUSD_HIST-1504846800,EURUSD_HIST,BREAKOUT,BUY,2017-09-08 06:00:00+00:00,2017-09-08 16:48:22+00:00,0.08,1.20717,1.20313,-3488.0,0.0,0.0
trend-ea-v1-EURUSD_HIST-1505487600:4,trend-ea-v1-EURUSD_HIST-1505487600,EURUSD_HIST,BREAKOUT,BUY,2017-09-15 16:00:00+00:00,2017-09-15 19:53:07+00:00,0.12,1.19742,1.19473,-3577.0,0.0,0.0
trend-ea-v1-EURUSD_HIST-1506052800:6,trend-ea-v1-EURUSD_HIST-1506052800,EURUSD_HIST,BREAKOUT,BUY,2017-09-22 05:00:00+00:00,2017-09-22 19:09:33+00:00,0.15,1.19545,1.19545,0.0,0.0,0.0
trend-ea-v1-EURUSD_HIST-1511794800:8,trend-ea-v1-EURUSD_HIST-1511794800,EURUSD_HIST,BREAKOUT,BUY,2017-11-27 16:00:00+00:00,2017-11-27 16:43:37+00:00,0.15,1.19592,1.19361,-3850.0,0.0,0.0
trend-ea-v1-EURUSD_HIST-1512961200:10,trend-ea-v1-EURUSD_HIST-1512961200,EURUSD_HIST,BREAKOUT,BUY,2017-12-11 04:00:00+00:00,2017-12-11 22:48:53+00:00,0.16,1.17771,1.1777,-18.0,0.0,0.0
trend-ea-v1-EURUSD_HIST-1513713600:12,trend-ea-v1-EURUSD_HIST-1513713600,EURUSD_HIST,BREAKOUT,BUY,2017-12-19 21:00:00+00:00,2017-12-21 19:00:00+00:00,0.13,1.18446,1.18712,3748.0,0.0,-174.0
trend-ea-v1-EURUSD_HIST-1514484000:14,trend-ea-v1-EURUSD_HIST-1514484000,EURUSD_HIST,BREAKOUT,BUY,2017-12-28 19:00:00+00:00,2017-12-29 15:16:29+00:00,0.19,1.19515,1.19953,9241.0,0.0,-127.0
trend-ea-v1-EURUSD_HIST-1515074400:2,trend-ea-v1-EURUSD_HIST-1515074400,EURUSD_HIST,BREAKOUT,BUY,2018-01-04 15:00:00+00:00,2018-01-05 10:19:24+00:00,0.17,1.20707,1.20516,-3789.0,0.0,-113.0
trend-ea-v1-EURUSD_HIST-1515787200:4,trend-ea-v1-EURUSD_HIST-1515787200,EURUSD_HIST,BREAKOUT,BUY,2018-01-12 21:00:00+00:00,2018-01-15 12:16:54+00:00,0.08,1.21626,1.22695,9405.0,0.0,-53.0
trend-ea-v1-EURUSD_HIST-1516755600:6,trend-ea-v1-EURUSD_HIST-1516755600,EURUSD_HIST,BREAKOUT,BUY,2018-01-24 02:00:00+00:00,2018-01-24 16:09:34+00:00,0.12,1.23095,1.23793,9164.0,0.0,0.0
trend-ea-v1-EURUSD_HIST-1516852800:8,trend-ea-v1-EURUSD_HIST-1516852800,EURUSD_HIST,BREAKOUT,BUY,2018-01-25 05:00:00+00:00,2018-01-25 10:37:28+00:00,0.12,1.24229,1.23937,-3827.0,0.0,0.0
trend-ea-v1-EURUSD_HIST-1517410800:10,trend-ea-v1-EURUSD_HIST-1517410800,EURUSD_HIST,BREAKOUT,BUY,2018-01-31 16:00:00+00:00,2018-01-31 18:33:25+00:00,0.11,1.24649,1.24351,-3582.0,0.0,0.0
trend-ea-v1-EURUSD_HIST-1518523200:12,trend-ea-v1-EURUSD_HIST-1518523200,EURUSD_HIST,BREAKOUT,BUY,2018-02-13 13:00:00+00:00,2018-02-14 12:04:32+00:00,0.14,1.2349,1.2349,-89.0,0.0,-89.0
trend-ea-v1-EURUSD_HIST-1518685200:14,trend-ea-v1-EURUSD_HIST-1518685200,EURUSD_HIST,BREAKOUT,BUY,2018-02-15 10:00:00+00:00,2018-02-15 13:48:36+00:00,0.12,1.25006,1.2471,-3788.0,0.0,0.0
trend-ea-v1-EURUSD_HIST-1520424000:16,trend-ea-v1-EURUSD_HIST-1520424000,EURUSD_HIST,BREAKOUT,BUY,2018-03-07 13:00:00+00:00,2018-03-07 13:57:24+00:00,0.16,1.24349,1.24135,-3619.0,0.0,0.0
trend-ea-v1-EURUSD_HIST-1521795600:18,trend-ea-v1-EURUSD_HIST-1521795600,EURUSD_HIST,BREAKOUT,BUY,2018-03-23 10:00:00+00:00,2018-03-23 10:37:11+00:00,0.17,1.23452,1.2324,-3780.0,0.0,0.0
trend-ea-v1-EURUSD_HIST-1521831600:20,trend-ea-v1-EURUSD_HIST-1521831600,EURUSD_HIST,BREAKOUT,BUY,2018-03-23 20:00:00+00:00,2018-03-26 16:49:42+00:00,0.13,1.23629,1.24343,9682.0,0.0,-80.0
trend-ea-v1-EURUSD_HIST-1525701600:22,trend-ea-v1-EURUSD_HIST-1525701600,EURUSD_HIST,BREAKOUT,SELL,2018-05-07 15:00:00+00:00,2018-05-07 15:44:27+00:00,0.17,1.18992,1.19188,-3638.0,0.0,0.0
trend-ea-v1-EURUSD_HIST-1526432400:24,trend-ea-v1-EURUSD_HIST-1526432400,EURUSD_HIST,BREAKOUT,SELL,2018-05-16 02:00:00+00:00,2018-05-16 10:33:07+00:00,0.1,1.18177,1.18516,-3732.0,0.0,0.0
trend-ea-v1-EURUSD_HIST-1526893200:26,trend-ea-v1-EURUSD_HIST-1526893200,EURUSD_HIST,BREAKOUT,SELL,2018-05-21 10:00:00+00:00,2018-05-21 12:59:34+00:00,0.19,1.17285,1.17459,-3678.0,0.0,0.0
trend-ea-v1-EURUSD_HIST-1527105600:28,trend-ea-v1-EURUSD_HIST-1527105600,EURUSD_HIST,BREAKOUT,SELL,2018-05-23 21:00:00+00:00,2018-05-24 02:25:41+00:00,0.09,1.16786,1.17137,-3441.0,0.0,34.0
trend-ea-v1-EURUSD_HIST-1529578800:30,trend-ea-v1-EURUSD_HIST-1529578800,EURUSD_HIST,BREAKOUT,SELL,2018-06-21 12:00:00+00:00,2018-06-21 13:57:25+00:00,0.15,1.15179,1.15423,-4044.0,0.0,0.0
trend-ea-v1-EURUSD_HIST-1530540000:32,trend-ea-v1-EURUSD_HIST-1530540000,EURUSD_HIST,PULLBACK,SELL,2018-07-02 15:00:00+00:00,2018-07-02 23:10:13+00:00,0.15,1.16296,1.16296,0.0,0.0,0.0
trend-ea-v1-EURUSD_HIST-1531897200:34,trend-ea-v1-EURUSD_HIST-1531897200,EURUSD_HIST,BREAKOUT,SELL,2018-07-18 08:00:00+00:00,2018-07-18 17:21:11+00:00,0.2,1.16412,1.16414,-45.0,0.0,0.0
trend-ea-v1-EURUSD_HIST-1532638800:36,trend-ea-v1-EURUSD_HIST-1532638800,EURUSD_HIST,BREAKOUT,SELL,2018-07-26 22:00:00+00:00,2018-07-30 10:51:21+00:00,0.12,1.16448,1.16724,-3586.0,0.0,91.0
trend-ea-v1-EURUSD_HIST-1533106800:38,trend-ea-v1-EURUSD_HIST-1533106800,EURUSD_HIST,BREAKOUT,SELL,2018-08-01 08:00:00+00:00,2018-08-01 10:20:20+00:00,0.24,1.16775,1.16911,-3659.0,0.0,0.0
trend-ea-v1-EURUSD_HIST-1533560400:40,trend-ea-v1-EURUSD_HIST-1533560400,EURUSD_HIST,BREAKOUT,SELL,2018-08-06 14:00:00+00:00,2018-08-06 17:06:11+00:00,0.2,1.15375,1.15536,-3589.0,0.0,0.0
trend-ea-v1-EURUSD_HIST-1534309200:42,trend-ea-v1-EURUSD_HIST-1534309200,EURUSD_HIST,BREAKOUT,SELL,2018-08-15 06:00:00+00:00,2018-08-15 09:51:47+00:00,0.17,1.13264,1.13457,-3650.0,0.0,0.0
trend-ea-v1-EURUSD_HIST-1538676000:44,trend-ea-v1-EURUSD_HIST-1538676000,EURUSD_HIST,PULLBACK,SELL,2018-10-04 19:00:00+00:00,2018-10-05 15:30:07+00:00,0.12,1.15051,1.15304,-3408.0,0.0,47.0
trend-ea-v1-EURUSD_HIST-1539010800:46,trend-ea-v1-EURUSD_HIST-1539010800,EURUSD_HIST,BREAKOUT,SELL,2018-10-08 16:00:00+00:00,2018-10-08 17:04:52+00:00,0.17,1.14633,1.14837,-3927.0,0.0,0.0
trend-ea-v1-EURUSD_HIST-1539849600:48,trend-ea-v1-EURUSD_HIST-1539849600,EURUSD_HIST,BREAKOUT,SELL,2018-10-18 09:00:00+00:00,2018-10-18 10:34:39+00:00,0.22,1.14911,1.15056,-3593.0,0.0,0.0
trend-ea-v1-EURUSD_HIST-1540274400:50,trend-ea-v1-EURUSD_HIST-1540274400,EURUSD_HIST,BREAKOUT,SELL,2018-10-23 07:00:00+00:00,2018-10-23 09:59:55+00:00,0.27,1.14542,1.14663,-3671.0,0.0,0.0
trend-ea-v1-EURUSD_HIST-1542139200:52,trend-ea-v1-EURUSD_HIST-1542139200,EURUSD_HIST,PULLBACK,SELL,2018-11-13 21:00:00+00:00,2018-11-13 22:47:07+00:00,0.11,1.12571,1.12861,-3629.0,0.0,0.0
trend-ea-v1-EURUSD_HIST-1542744000:54,trend-ea-v1-EURUSD_HIST-1542744000,EURUSD_HIST,BREAKOUT,SELL,2018-11-20 21:00:00+00:00,2018-11-21 08:51:02+00:00,0.11,1.13648,1.13932,-3482.0,0.0,42.0
trend-ea-v1-EURUSD_HIST-1544486400:56,trend-ea-v1-EURUSD_HIST-1544486400,EURUSD_HIST,BREAKOUT,SELL,2018-12-11 01:00:00+00:00,2018-12-11 09:22:31+00:00,0.12,1.13496,1.13749,-3434.0,0.0,0.0
trend-ea-v1-EURUSD_HIST-1550091600:2,trend-ea-v1-EURUSD_HIST-1550091600,EURUSD_HIST,BREAKOUT,SELL,2019-02-13 22:00:00+00:00,2019-02-14 09:01:32+00:00,0.15,1.12698,1.12925,-3725.0,0.0,57.0
trend-ea-v1-EURUSD_HIST-1556884800:4,trend-ea-v1-EURUSD_HIST-1556884800,EURUSD_HIST,BREAKOUT,SELL,2019-05-03 13:00:00+00:00,2019-05-03 15:35:29+00:00,0.35,1.11539,1.11539,0.0,0.0,0.0
trend-ea-v1-EURUSD_HIST-1561435200:6,trend-ea-v1-EURUSD_HIST-1561435200,EURUSD_HIST,BREAKOUT,BUY,2019-06-25 05:00:00+00:00,2019-06-25 08:57:59+00:00,0.25,1.1407,1.13932,-3693.0,0.0,0.0
trend-ea-v1-EURUSD_HIST-1563454800:8,trend-ea-v1-EURUSD_HIST-1563454800,EURUSD_HIST,BREAKOUT,SELL,2019-07-18 14:00:00+00:00,2019-07-18 14:42:22+00:00,0.28,1.12127,1.12251,-3743.0,0.0,0.0
trend-ea-v1-EURUSD_HIST-1563854400:10,trend-ea-v1-EURUSD_HIST-1563854400,EURUSD_HIST,BREAKOUT,SELL,2019-07-23 05:00:00+00:00,2019-07-23 15:21:04+00:00,0.3,1.11994,1.11695,9700.0,0.0,0.0
trend-ea-v1-EURUSD_HIST-1563962400:12,trend-ea-v1-EURUSD_HIST-1563962400,EURUSD_HIST,BREAKOUT,SELL,2019-07-24 11:00:00+00:00,2019-07-24 13:45:06+00:00,0.33,1.11387,1.1149,-3672.0,0.0,0.0
trend-ea-v1-EURUSD_HIST-1569430800:14,trend-ea-v1-EURUSD_HIST-1569430800,EURUSD_HIST,BREAKOUT,SELL,2019-09-25 18:00:00+00:00,2019-09-26 05:24:24+00:00,0.21,1.09596,1.09596,77.0,0.0,77.0
trend-ea-v1-EURUSD_HIST-1569920400:16,trend-ea-v1-EURUSD_HIST-1569920400,EURUSD_HIST,BREAKOUT,SELL,2019-10-01 10:00:00+00:00,2019-10-01 10:07:48+00:00,0.36,1.08802,1.08898,-3741.0,0.0,0.0
trend-ea-v1-EURUSD_HIST-1574254800:18,trend-ea-v1-EURUSD_HIST-1574254800,EURUSD_HIST,PULLBACK,SELL,2019-11-20 14:00:00+00:00,2019-11-20 16:02:11+00:00,0.39,1.10564,1.10655,-3851.0,0.0,0.0
trend-ea-v1-EURUSD_HIST-1574866800:20,trend-ea-v1-EURUSD_HIST-1574866800,EURUSD_HIST,BREAKOUT,SELL,2019-11-27 16:00:00+00:00,2019-11-28 00:22:03+00:00,0.36,1.1002,1.10121,-3847.0,0.0,134.0
